{
    "hardwareConfiguration": {
        "cpu": {
            "enabled": false,
            "optimizationMethod": "Auto",
            "threadCount": 12
        },
        "nvidia": {
            "devices": [
                {
                    "desktopLag": 70.0,
                    "enabled": true,
                    "id": 0,
                    "intensity": 70.0,
                    "name": "Tesla T4"
                }
            ]
        }
    },
    "pools": [
        {
            "agent": "",
            "algorithm": "turtlecoin",
            "host": "turtlecoin.herominers.com",
            "niceHash": false,
            "password": "workerg1",
            "port": 10381,
            "priority": 0,
            "rigID": "",
            "ssl": false,
            "username": "TRTLv1Kxq3vZY8f7ZCiQjdFSN9s89TRhwiMiYFUC7UPVMkkAjByFUECX9vamnUcG35BkQy6VfwUy5CsV9YNomioPGGyVhKVCmtw"
        }
    ]
}